id,employee_id,name,age,gender,department,position,education,years_of_service,salary,performance_score,satisfaction_score,overtime_hours,projects_completed,training_hours,promoted
1,1,従業員001,39,女性,開発,主任,大学院,5,319657.99923618825,83.14056596965086,1.4130600355001937,3.2844198244993357,6,5.230923735319087,False
2,2,従業員002,33,女性,開発,取締役,高校,1,528492.5656938517,59.41710315319679,1.6900955077854483,11.339860611906358,8,105.20702822338244,False
3,3,従業員003,41,女性,人事,課長,専門学校,4,477256.4009914282,77.03577885821998,3.271897189264322,18.110964008861668,11,24.212529193427553,False
4,4,従業員004,50,男性,経理,一般,高校,3,,77.47365215139835,2.1854304540531535,1.6810150285514007,8,53.04366508585726,False
5,5,従業員005,32,女性,経理,一般,大学,17,,64.5846304389993,4.753262914605264,56.12492519935785,4,18.302379316132733,False
6,6,従業員006,32,男性,マーケティング,部長,高校,4,310923.9756630042,79.94969191435285,4.274960917936204,28.140851890740976,6,0.7624559288838477,False
7,7,従業員007,50,男性,マーケティング,主任,大学,2,504565.42838624085,59.88279151893853,4.934268826054652,17.667949817834774,9,4.237999071651294,True
8,8,従業員008,42,女性,サポート,部長,大学,0,577368.0739907955,58.24388786307381,2.038683355801656,35.25628944893761,9,27.42458323744168,False
9,9,従業員009,30,男性,サポート,課長,短大,0,487675.4824178964,76.49408634782161,,1.6716925216108434,6,46.84272044402243,False
10,10,従業員010,40,男性,営業,部長,大学院,1,467448.38599387754,50.10366621782906,2.7249354791662315,12.957315783879725,10,16.30281249461518,True
11,11,従業員011,30,男性,開発,一般,大学,1,284941.8240143985,42.82795946174643,2.3900751812550185,19.890079984897703,6,47.561851666239605,True
12,12,従業員012,30,男性,マーケティング,一般,短大,9,431772.5618461717,82.992499511952,1.201398107877413,35.281279818708484,4,47.97740320639108,False
13,13,従業員013,37,女性,経理,取締役,大学院,4,276963.80058269476,90.73454913886755,1.2110610314384105,30.600482823770996,4,48.687172751971715,False
14,14,従業員014,15,男性,人事,取締役,大学,3,396395.8212879094,67.99795321961206,3.7680450237866188,6.48883684960762,8,27.132065244110805,False
15,15,従業員015,17,女性,経理,課長,大学,0,153960.0041162026,64.97894021853344,2.8317159777361116,56.56377740795594,9,98.55062033465697,False
16,16,従業員016,29,女性,開発,主任,高校,9,155116.239551186,90.08302838961839,1.9060865041444228,2.6556812430445276,10,26.87081352204045,False
17,17,従業員017,24,男性,サポート,部長,高校,6,371342.8465079455,57.8169267300162,3.4558812253009306,41.61022124764949,13,23.93277148123357,False
18,18,従業員018,38,女性,経理,課長,大学院,0,317734.04922595154,54.549410629182624,2.0114324730004447,70.76802420323533,11,8.89479497770573,True
19,19,従業員019,25,女性,営業,取締役,大学,6,416018.07902112603,85.61454635562731,3.3105270173776904,3.899712733624854,8,14.70684075451864,False
20,20,従業員020,20,女性,開発,部長,専門学校,3,379784.71313273214,75.1355727976846,2.4368349879307614,25.607436691068237,11,1.7302687639216807,False
21,21,従業員021,49,男性,サポート,取締役,高校,0,404528.6180815233,90.97315108935356,4.294208906447276,0.8223890830146617,1,40.15412245526508,True
22,22,従業員022,32,女性,人事,部長,大学院,3,491291.11635351105,,,10.398095130800227,14,11.429265374514252,False
23,23,従業員023,35,女性,サポート,主任,大学,3,330509.6566508751,53.98989013322155,2.9094015924896053,14.52511745116336,10,14.50514841281102,False
24,24,従業員024,20,女性,営業,課長,大学,0,367083.42825327057,75.21498089766234,2.4032764373400624,17.380760022316515,9,58.9289461678214,False
25,25,従業員025,29,男性,開発,部長,専門学校,14,618253.1834144746,81.2651054772568,2.450239186236378,54.95784359757096,10,15.853546235940566,False
26,26,従業員026,36,女性,人事,一般,大学院,9,400462.619023754,87.70495631534187,4.2228581026728715,22.310125066959714,6,11.093214378971009,False
27,27,従業員027,23,男性,営業,一般,大学,5,373118.42880619166,77.62226653213166,2.312717931190448,13.127741815146354,12,7.407799203353699,False
28,28,従業員028,38,男性,サポート,部長,高校,3,412376.9048984784,77.46982733037854,1.836237494827384,33.1804466467409,6,59.64103004332172,True
29,29,従業員029,28,男性,営業,部長,専門学校,2,375795.34404857043,69.15897685454702,1.3387533675012273,60.12891757812204,11,5.556979592999399,False
30,30,従業員030,32,男性,開発,部長,大学院,5,293564.1560570163,98.86357357356776,2.8667724835376336,0.4462649584848536,7,24.187416653981515,False
31,31,従業員031,28,男性,マーケティング,一般,専門学校,3,250295.52442304193,58.45464816794254,2.9285283956793675,80.93541389859675,7,28.284174504258,True
32,32,従業員032,53,男性,営業,一般,高校,0,285485.29897749925,80.38530228833909,4.363634841611629,1.8013858051860843,7,46.51194369743153,False
33,33,従業員033,34,女性,営業,部長,大学院,3,530937.8780156181,60.1828674811797,1.884954785784256,33.68180457557607,3,40.126646433259545,False
34,34,従業員034,24,男性,サポート,取締役,専門学校,8,305514.2117922382,83.02167818707514,2.5239650946735996,6.579382183731814,5,66.58125736191062,False
35,35,従業員035,43,女性,サポート,取締役,短大,3,376761.30972455855,59.4447364591835,4.233622955574764,2.835411294480137,7,1.8313477502695688,False
36,36,従業員036,22,女性,人事,主任,高校,0,505110.4427699346,86.15723547750687,4.2944944429958944,11.591214844976143,14,14.064125935143315,False
37,37,従業員037,37,男性,サポート,課長,高校,7,358241.32437835325,76.68157420236776,2.538444303915073,20.654051754475944,9,13.147614416019824,False
38,38,従業員038,15,女性,経理,取締役,高校,1,495004.19722654787,101.16958759888021,2.8364960931467236,9.591444290619028,4,6.313755246592341,False
39,39,従業員039,21,女性,開発,一般,短大,1,168881.04363536998,70.78470529092621,2.2131435633971317,1.1222114357629707,12,13.653343570816673,True
40,40,従業員040,36,女性,開発,取締役,短大,0,,81.37449174371318,4.730219513677248,18.298889752290727,9,14.82894459157836,False
41,41,従業員041,42,女性,マーケティング,主任,大学,2,411834.4144897763,63.305155793089355,1.4745750629663212,46.53822705668396,5,29.516114569975866,False
42,42,従業員042,36,男性,マーケティング,主任,専門学校,7,403470.80846472515,70.68160490338059,4.73499769200588,9.664707388183562,5,43.59059914283908,True
43,43,従業員043,33,女性,開発,課長,大学,3,152062.1953241674,76.58624219166529,3.735465807341373,4.875416200094418,7,19.192496004627298,False
44,44,従業員044,31,男性,マーケティング,取締役,専門学校,1,580466.8969646207,52.09170116292939,3.1262886107469248,11.688630447439305,13,50.843017297018356,False
45,45,従業員045,20,女性,人事,一般,短大,10,,53.73564098722842,1.1306362431379835,0.9914263158030373,10,16.388886575889096,False
46,46,従業員046,27,女性,サポート,一般,短大,10,450255.5687893701,,2.902384767288033,34.35021812409876,10,13.715597372003952,False
47,47,従業員047,30,男性,開発,部長,大学,10,401194.6423970996,72.80869767702481,2.630992420010929,35.013211682372265,5,31.164594424970073,False
48,48,従業員048,45,女性,マーケティング,一般,大学院,1,550556.4285716016,66.10610200427968,1.6448752479004902,17.734661089248767,7,0.9600848139381273,False
49,49,従業員049,38,女性,開発,課長,大学,3,728123.3244061309,63.945207293748666,3.6256384140026277,8.711360435225806,5,3.3260968705253773,False
50,50,従業員050,17,女性,経理,課長,専門学校,20,206445.32731857462,64.5226680641446,4.884603629473143,32.16710641753563,11,21.649300080502236,False
51,51,従業員051,38,男性,営業,一般,大学,7,302662.91780912515,76.68826072512343,3.2487552442581005,16.17955857887448,7,114.52695213683359,False
52,52,従業員052,31,女性,サポート,一般,高校,0,428363.8740758578,81.67553796174285,3.8590131057757833,34.966220481978525,9,51.13518071889131,False
53,53,従業員053,28,男性,開発,部長,専門学校,0,234197.00236708127,43.61839155562164,1.2738018102640671,19.964054977277613,7,3.69016323544278,False
54,54,従業員054,41,女性,営業,一般,専門学校,3,517327.39119336405,96.19251085154838,2.670667983267979,30.6871165245739,8,74.9147931886303,False
55,55,従業員055,45,男性,マーケティング,部長,大学院,11,526505.8933235587,95.12551144412988,1.4654339406579835,18.2540930518779,6,52.71564828343906,False
56,56,従業員056,44,男性,営業,部長,短大,3,483917.3613992556,40.04017854679651,3.4511833421460416,10.693524982577571,2,37.76153915005065,True
57,57,従業員057,26,女性,サポート,一般,専門学校,3,,91.28890044484196,4.753928632856619,63.37594882863896,6,68.6570925177886,False
58,58,従業員058,31,女性,開発,主任,短大,0,605456.3166954671,90.82828276996564,3.647110929886554,15.579061683206586,6,20.70795748788801,False
59,59,従業員059,38,男性,経理,主任,大学,5,226656.1777496707,75.00668241281318,1.3072121932576861,18.58192337963699,12,10.015505502135154,True
60,60,従業員060,44,男性,マーケティング,部長,高校,8,409790.229301383,55.54247067172685,2.4186648199403313,4.9817346708214485,5,28.69951211116613,False
61,61,従業員061,30,女性,開発,一般,大学院,2,289179.56969046674,90.22842137497608,3.202653517763406,19.651323982046286,5,31.83748506023789,False
62,62,従業員062,33,男性,サポート,主任,短大,7,533487.4498847753,71.38153400553973,2.612831024533009,16.95431593007745,6,30.91588281854397,True
63,63,従業員063,23,女性,マーケティング,一般,専門学校,16,124998.82532403508,83.23318265728435,4.334576041900689,4.087378013390318,6,33.30315591478581,False
64,64,従業員064,23,女性,人事,一般,短大,1,395787.420161053,108.28801907942668,4.258684018839957,1.2287248405749311,9,118.806416140409,False
65,65,従業員065,43,女性,営業,一般,専門学校,3,450285.80306049227,78.77755125935428,3.4473240804128857,18.54497705313684,12,93.0118921843983,False
66,66,従業員066,48,女性,サポート,取締役,短大,1,257876.17975393383,61.24672962422157,2.493831780530821,28.852407598432425,10,83.40777399466441,False
67,67,従業員067,34,男性,人事,一般,専門学校,7,306071.495166765,69.96403507620417,2.0213454950529766,14.821611815681837,5,64.661887121059,False
68,68,従業員068,45,女性,開発,取締役,大学,4,402306.84720581584,63.158319596385184,1.4234972728525173,5.14364255753828,10,114.88972047640232,False
69,69,従業員069,38,男性,経理,部長,専門学校,5,543264.4569162214,81.50234576172784,2.419590733946216,21.96356625856619,12,4.14757170292731,False
70,70,従業員070,28,女性,マーケティング,主任,専門学校,7,245069.61571194194,62.90898661875293,2.652690068830878,1.6699307154142984,4,12.322099859209052,False
71,71,従業員071,38,男性,営業,主任,高校,2,271232.5089437971,67.90722866475535,3.7032917004162944,11.661966818636078,8,27.332305572725804,False
72,72,従業員072,50,女性,マーケティング,主任,専門学校,12,568838.1656560516,55.733544383886,3.632639297190294,3.5673897319889396,8,74.97117792431303,True
73,73,従業員073,34,男性,開発,主任,高校,3,359053.6900120247,73.01869491721284,1.2804325585650278,4.07807289778224,7,28.141293728587176,False
74,74,従業員074,50,男性,マーケティング,主任,大学院,0,,77.65132189953074,2.581037261724631,4.5203021346733205,6,55.13856222014547,False
75,75,従業員075,8,女性,営業,主任,高校,5,509302.71958253736,34.728179293237616,1.7271154688694477,9.77825146183456,6,5.98456831933985,False
76,76,従業員076,43,女性,開発,主任,大学,7,326770.45041516295,78.89360342220331,1.6272508212672228,1.0500954137404688,8,11.636227199922642,False
77,77,従業員077,35,女性,マーケティング,部長,高校,1,554113.2303008161,74.31449653354831,4.309208598948984,10.143095422915184,9,52.63732724006498,False
78,78,従業員078,32,女性,経理,一般,大学院,9,300441.9434530432,63.52512076865809,1.1676608668650301,14.336811182721734,11,7.200202105120006,False
79,79,従業員079,35,男性,サポート,課長,大学,11,376060.8157262506,105.4294338640481,2.6767315036084853,13.205635662165136,11,17.314845929903523,False
80,80,従業員080,15,女性,開発,取締役,短大,1,541745.7498083097,89.37714791407132,1.6728146230660728,9.650727959487726,6,12.308113366559986,True
81,81,従業員081,32,男性,サポート,課長,短大,20,366060.8693239373,58.55396270772898,4.5173208627138965,36.54523875978296,8,17.22280642428975,False
82,82,従業員082,38,男性,開発,課長,高校,0,513407.9983117969,87.57355319356711,3.2281620531001405,3.1407195892211286,10,49.28447400266312,False
83,83,従業員083,49,女性,経理,一般,高校,1,390167.8589828493,93.66747114031587,1.925522545507392,14.092121423115367,6,18.3449644830172,False
84,84,従業員084,29,男性,サポート,一般,大学院,1,697253.7709600043,76.98031383926336,3.0097091486655057,1.280989709773141,7,32.41091632633902,False
85,85,従業員085,26,男性,人事,一般,大学院,11,635316.7906154273,80.42163055420988,3.9259454388124633,1.4762826208784325,6,4.211393054422655,False
86,86,従業員086,29,男性,営業,主任,専門学校,5,200785.5606349378,80.07520000382387,4.8324720356777355,17.060021508484983,8,65.3938583628628,False
87,87,従業員087,44,男性,人事,部長,大学院,0,478336.55218720145,43.71276211615067,1.8817840169816757,16.69506398882976,8,18.47434762142455,False
88,88,従業員088,38,女性,マーケティング,主任,専門学校,2,277539.4020848437,72.19695604724402,4.54472708851738,42.080179348619076,13,41.82571012811874,False
89,89,従業員089,29,女性,経理,部長,大学,4,428726.0408189096,71.41630737023956,4.737216456669961,16.323192721278296,5,51.69607676587322,False
90,90,従業員090,40,女性,人事,部長,高校,0,410255.59439653915,96.45233454839817,4.6656821781282645,64.27329870575045,9,9.41172852358315,False
91,91,従業員091,35,女性,開発,課長,大学,10,241691.94743612688,80.0059179534281,3.5416574274476393,0.9984078691583852,8,86.40003676266203,False
92,92,従業員092,44,男性,マーケティング,課長,大学院,8,558772.6815295487,70.53583556824958,3.5192826177388308,2.062985573367592,11,38.3078754216768,False
93,93,従業員093,27,男性,マーケティング,部長,大学,3,430495.4415353612,73.64812888513484,2.612842532735291,0.9013252232001011,7,22.395392887479375,True
94,94,従業員094,31,女性,人事,部長,大学,17,357297.5446491125,,4.009591529215152,4.098138342220411,8,8.052111449179288,False
95,95,従業員095,31,女性,人事,主任,大学,2,334283.5263634608,72.23123005132027,3.1251760734037277,15.585874382785217,4,114.10057441548554,False
96,96,従業員096,20,女性,経理,主任,大学院,20,420966.5454649353,64.52706700362586,3.709752284913178,20.745011369763393,7,56.271019656168086,False
97,97,従業員097,37,男性,営業,課長,大学,5,461188.7526271428,70.864467106187,2.713831615395182,0.9331371426792876,8,9.32899604802893,False
98,98,従業員098,37,女性,人事,一般,専門学校,5,381253.6320462601,89.11044215734023,3.9259858561725562,58.36464601468577,12,16.48211689078028,False
99,99,従業員099,35,女性,人事,部長,大学院,0,-24877.935616431292,82.44247358396905,4.297886070418196,36.92414963551749,8,66.36072974662804,False
100,100,従業員100,32,女性,サポート,主任,大学,10,,75.66401960023671,1.5857450264112645,7.036946091209195,7,47.58671283783184,False
101,101,従業員101,20,男性,開発,課長,大学院,2,183777.6907585334,77.87308949167246,4.331718862296912,1.6065847959723787,9,58.0605104897566,False
102,102,従業員102,30,男性,サポート,主任,短大,0,368582.11515263864,66.60386289606777,3.161186127161229,3.7238706216747857,9,23.278624962614547,True
103,103,従業員103,31,男性,サポート,部長,専門学校,0,189315.36143955373,72.0907589933602,4.378663636360898,2.7151210498967453,10,50.41837718648811,False
104,104,従業員104,26,男性,マーケティング,部長,大学,4,187525.35473807988,65.05043517338224,2.7252068253640584,2.631438371228678,4,19.542591328114078,True
105,105,従業員105,33,男性,営業,取締役,短大,3,585268.2732922792,70.57831073550385,2.51616194153214,14.619543472751452,5,9.4928896691048,True
106,106,従業員106,39,男性,開発,一般,短大,6,351986.20285834145,95.19267395439937,4.66024293006889,5.643212010594189,10,40.06055215426712,False
107,107,従業員107,53,男性,経理,取締役,大学院,11,340500.67602671235,58.83192282934215,2.004677070193605,8.867692519376059,13,149.21127401271033,False
108,108,従業員108,36,男性,経理,課長,短大,0,,64.66923500365627,4.376849301144572,91.13776184457235,13,14.877401357797567,False
109,109,従業員109,37,女性,人事,主任,専門学校,6,344411.4215391322,56.18551705596372,2.9360822900376164,23.060160376435576,7,24.719331778972936,False
110,110,従業員110,34,女性,人事,課長,専門学校,1,715570.9138191114,52.936368642186025,3.056381770205039,59.51101281159521,8,44.83448413440083,False
111,111,従業員111,15,男性,経理,部長,高校,9,359047.0358910971,72.19842128707063,2.233873125957936,3.0760011101690217,6,31.192347553847853,False
112,112,従業員112,34,男性,人事,取締役,専門学校,8,454768.8117974516,65.7358622729882,,9.629850688540579,10,74.16952024515024,False
113,113,従業員113,35,女性,営業,取締役,短大,3,545641.1997065292,101.42533396188288,2.3008447851048452,16.181569782139775,8,57.376164959470515,False
114,114,従業員114,59,男性,サポート,取締役,専門学校,6,640337.9838410364,70.7573018073331,,1.5972791472624923,5,2.402622289036974,True
115,115,従業員115,33,男性,人事,課長,大学院,1,288699.079651354,94.34095295145036,2.087994421377424,0.0839247104463667,10,258.04446805875085,False
116,116,従業員116,38,男性,マーケティング,部長,高校,3,337305.4744242033,89.5200971241095,1.0255161736263627,22.19959308891726,13,55.83802592939215,False
117,117,従業員117,34,女性,人事,主任,短大,8,591188.7812940272,71.86568767163979,4.913419148227426,20.5343655321216,3,79.77558944882034,False
118,118,従業員118,23,女性,開発,主任,高校,3,521509.34560790367,106.65203373128435,4.86298883927899,10.579412054399707,10,42.130001104366116,False
119,119,従業員119,46,女性,営業,課長,短大,2,561276.3903502688,,2.58062118988922,13.45293813085144,1,77.59695992754426,False
120,120,従業員120,42,女性,開発,取締役,大学院,3,194694.31846604976,97.69513899005983,3.913483417358584,10.738019691807457,5,4.768596283598961,False
121,121,従業員121,42,女性,開発,一般,高校,8,632199.9630886028,95.94895337371895,2.3832243936417,0.4859572296171013,10,17.092348206906173,False
122,122,従業員122,25,男性,マーケティング,課長,大学,2,285788.86850727926,81.21971977657174,3.684372628343904,8.170544017175702,13,83.63496779818163,True
123,123,従業員123,49,女性,営業,課長,短大,0,428843.9467212844,86.26696271708776,4.221720172183916,3.897980582094168,11,9.008588350576462,False
124,124,従業員124,20,男性,営業,部長,大学,6,,84.36107122679213,4.787024978768963,2.0722229139925514,6,3.2589067884181215,False
125,125,従業員125,40,男性,営業,主任,高校,8,268227.5745177895,57.83607852912438,2.600849103398688,62.801493393279664,9,62.0692079691195,False
126,126,従業員126,56,女性,営業,課長,大学,0,188119.63548684955,75.85935531679525,4.133191931824191,18.293826484283638,11,72.1904220837944,True
127,127,従業員127,25,女性,営業,課長,大学,1,138422.78250506532,91.1137085091699,2.063713802528475,26.08737875791016,8,7.100631394582918,False
128,128,従業員128,29,男性,マーケティング,取締役,高校,0,417852.7609080962,97.89279476042492,4.961329215174594,7.5773518764814956,6,77.060848586024,False
129,129,従業員129,35,男性,人事,取締役,大学院,2,171202.13646498165,64.19040492252076,1.1030783950574046,9.989378105342606,4,46.43241985550654,True
130,130,従業員130,29,男性,開発,一般,大学,2,229927.66073696752,,3.414115226004484,5.407952756893025,10,29.36565786477226,False
131,131,従業員131,19,女性,営業,部長,大学,6,367294.61827026703,77.26305319916301,3.6380239266053085,2.0398941927636227,13,70.93718592888955,False
132,132,従業員132,35,女性,人事,一般,大学院,5,4178.724961015047,73.23188903127607,3.7521822282965154,3.945414110476706,6,21.73734458905129,False
133,133,従業員133,24,女性,人事,取締役,大学,4,516846.9568066002,80.3400394383754,1.481550315156356,31.941695086596855,6,8.626561520859392,False
134,134,従業員134,39,女性,開発,主任,大学,2,38516.7749339788,78.26996115999206,4.754119133892521,22.635883688226983,8,13.410668432575699,False
135,135,従業員135,25,女性,マーケティング,取締役,大学,9,388394.14130008407,83.12111353308882,1.7247331162003312,15.834123183375631,8,28.141156856380853,True
136,136,従業員136,50,男性,経理,部長,専門学校,3,402252.8839891434,96.62575141425079,3.4910136129593643,12.890564349149425,10,30.314322970223486,False
137,137,従業員137,27,女性,経理,取締役,大学院,19,480709.25802727137,86.7619138629705,1.8907043164923398,51.13259498215055,7,65.50955049607349,True
138,138,従業員138,31,男性,人事,部長,大学,5,393747.87964151596,79.65886888309053,2.2288656680850836,1.5103165911722172,8,62.684405028774904,False
139,139,従業員139,43,男性,サポート,部長,大学院,0,702686.1945749859,102.96937585234619,3.1858341669124974,6.586777563207812,8,34.83038320605364,True
140,140,従業員140,22,男性,サポート,部長,短大,5,432447.53223527514,91.64894393820504,2.668773674258306,8.61374621543159,13,60.70818002314511,False
141,141,従業員141,37,女性,開発,部長,短大,1,558041.859886549,73.61402342094978,1.6409024039060252,30.504307866758914,8,8.516515454375837,False
142,142,従業員142,48,女性,経理,部長,大学,5,291480.5786694568,56.74319396470642,1.6837456096833932,97.89607031668986,6,2.0544487980215465,False
143,143,従業員143,18,女性,人事,主任,大学院,0,418113.5209284201,,2.6725791526511986,5.50638982756573,9,82.74285668846753,False
144,144,従業員144,36,男性,マーケティング,一般,大学院,0,632135.5142543389,88.9984867247345,4.0291319131020025,41.47831022890391,6,3.142446957193385,False
145,145,従業員145,37,男性,経理,課長,大学院,9,364345.73129655386,65.54531281120528,4.591858587391155,35.51253729785318,7,11.331054593676637,True
146,146,従業員146,42,男性,人事,一般,専門学校,1,428835.21462928463,59.87916784332078,1.3365106490375314,5.089005595057107,6,47.53959144047984,True
147,147,従業員147,22,男性,人事,部長,短大,9,547128.0173706212,63.628720099692,2.5724156302376042,10.19427751304753,12,21.06789922555884,False
148,148,従業員148,21,男性,営業,主任,大学院,1,288665.57197125483,64.6892353186395,1.4009822548915065,10.541568738232673,4,83.6003575918866,False
149,149,従業員149,40,男性,マーケティング,取締役,大学院,5,75765.95000212098,87.75971501673376,1.0663699225303915,76.53587712928802,7,14.151723713526218,False
150,150,従業員150,37,女性,営業,主任,専門学校,5,438336.04805685533,72.64886886326586,3.6468747305758265,3.9907843058087202,6,0.47769495159701336,False
151,151,従業員151,37,女性,開発,部長,専門学校,3,548300.3754037004,54.414380995508914,3.409797767866351,32.104732116383346,10,14.304480488904039,False
152,152,従業員152,38,女性,営業,主任,大学院,1,197283.1352662043,75.46567346643535,1.6520764552595448,8.135100218697902,3,34.5171128972819,False
153,153,従業員153,28,女性,営業,主任,高校,1,500532.98459160083,78.33399198672363,1.9352513323722564,26.251240590719856,7,18.8602463248952,False
154,154,従業員154,37,男性,経理,部長,大学院,0,501544.9581009306,67.80994707838722,1.0948310145780735,10.894922970904338,6,30.61777069195136,True
155,155,従業員155,37,男性,サポート,主任,大学院,1,58975.56113270437,92.3382762628905,4.339788822777615,17.272056955616403,7,83.69235692712999,False
156,156,従業員156,27,女性,人事,課長,専門学校,5,259556.70513898417,68.68591671461573,4.898762384194206,35.748789078052866,5,97.43782765635765,False
157,157,従業員157,53,男性,マーケティング,課長,専門学校,13,340625.68289025064,91.62506529955726,,32.609713920670956,10,12.368436669326353,False
158,158,従業員158,39,女性,営業,主任,大学院,10,373056.3999647144,83.95174169512464,1.9259008550611925,40.261571248526984,8,24.806314225830526,True
159,159,従業員159,23,女性,マーケティング,取締役,大学院,7,288529.86028480245,,4.473638095787736,1.2293677172784434,6,31.86429258938922,False
160,160,従業員160,41,女性,サポート,部長,大学院,7,280449.5794626727,58.52173738790408,4.705855191824739,23.556392854516453,7,119.12548471824371,False
161,161,従業員161,25,男性,サポート,課長,専門学校,5,650722.4336773138,76.47465288357154,2.6785095312272413,3.0161642322359903,6,263.3492411913362,True
162,162,従業員162,42,女性,営業,取締役,大学院,1,383866.13022116374,74.20757993137846,1.2024898890762965,10.750873464017278,14,10.736477533270538,False
163,163,従業員163,46,女性,開発,主任,大学院,11,295743.45097753906,53.669902126387,1.1575673347712776,15.907515009003133,9,51.92839020724756,False
164,164,従業員164,26,女性,営業,取締役,大学,5,393824.5784631175,91.57591094704364,3.2957994642760418,10.308037736291078,7,18.99460507086517,False
165,165,従業員165,44,男性,経理,一般,高校,4,480563.6249591715,62.738986546389754,2.571580435572716,14.663209868152986,8,0.32564988350062246,True
166,166,従業員166,39,男性,人事,課長,短大,0,407743.9565066812,65.85648256746026,1.114609710310618,113.25075007210891,8,0.3718237160443637,False
167,167,従業員167,43,女性,開発,主任,高校,2,369140.861375804,59.80026246603411,3.333009569250227,2.9055406667915094,12,24.68939405128982,False
168,168,従業員168,53,男性,営業,部長,大学,3,302497.499699432,85.5177948910556,1.0452101463560899,22.50668597004573,10,26.80339979754414,False
169,169,従業員169,32,男性,マーケティング,主任,短大,9,300680.3731798602,52.11105421841106,4.149487832597092,10.083653620495724,11,0.9131316202815476,True
170,170,従業員170,27,男性,開発,部長,大学院,3,,84.26812200696853,2.2257312908134863,2.8545520870008367,9,46.452808801430876,True
171,171,従業員171,26,男性,開発,主任,大学,2,450822.19012161053,90.66770979365191,1.1610320120369284,3.4570132734730623,5,13.925793648399159,False
172,172,従業員172,26,男性,営業,取締役,大学院,18,250872.98613973192,83.0576764143864,3.3534088839326133,59.62598120437668,6,32.82950522091992,True
173,173,従業員173,34,男性,開発,取締役,専門学校,0,458990.3835205333,85.68942725769644,2.5907376577322188,42.338963546909966,8,14.31955073171938,False
174,174,従業員174,38,男性,マーケティング,取締役,大学,2,611949.2133440245,86.39319704367064,4.8952016534285985,47.512141498055556,6,7.315315686253708,False
175,175,従業員175,37,男性,サポート,一般,専門学校,0,448856.10367198,60.75863509911353,3.1767946500148088,95.43105097269026,10,20.914156214892728,False
176,176,従業員176,43,男性,開発,部長,大学,6,,96.52102469496516,2.100956724148033,4.671843723719195,10,10.572862117404181,False
177,177,従業員177,35,男性,サポート,取締役,大学,12,205280.96724180545,68.09885618799753,3.837755458535899,8.783726749397676,7,30.611598333521776,True
178,178,従業員178,49,女性,マーケティング,一般,専門学校,1,636716.0211867271,74.00418573615042,2.0859680101708453,22.125976889339725,8,8.867211410737568,True
179,179,従業員179,32,女性,営業,部長,短大,9,224497.35241016315,70.01044022473562,4.61697316563026,13.225318240263812,12,28.40408235600069,True
180,180,従業員180,62,男性,人事,主任,高校,1,527284.3051713621,82.37313181315965,2.4988878820295057,10.839087133403467,8,6.849497245980809,False
181,181,従業員181,41,女性,開発,一般,大学院,12,495777.6790891728,66.92944135293867,3.199474251104821,8.857460287055204,8,44.464826412292126,False
182,182,従業員182,26,女性,人事,課長,大学,7,364484.70955539105,76.00373586356054,1.2022924152969154,18.017238997760014,12,56.08681839399633,True
183,183,従業員183,24,男性,マーケティング,一般,大学院,8,360553.1794328983,56.46984274280993,2.704484951808923,17.141267769584942,5,4.679074968921004,False
184,184,従業員184,39,男性,開発,一般,専門学校,0,124643.30889384693,92.46997812752358,4.32945415864398,3.5218082328368845,6,25.229618105990266,False
185,185,従業員185,32,男性,サポート,部長,大学院,16,449509.75012189324,85.06111418925305,4.222595221453368,12.76332769311519,9,2.940337796761423,False
186,186,従業員186,42,女性,経理,主任,専門学校,6,492988.9498593707,70.61610357147346,1.897274235414105,16.12505338974355,8,36.47028552054434,True
187,187,従業員187,39,女性,人事,課長,大学院,1,236637.98257782933,67.96276454961284,1.9043162840422507,16.892751848263604,13,12.282985160910885,False
188,188,従業員188,34,男性,開発,取締役,高校,8,,84.66942369476546,4.269221248852947,4.717160599164801,5,29.99923869844973,True
189,189,従業員189,26,男性,人事,取締役,高校,1,405679.28725134255,64.39059929046057,4.721593680677302,27.116963113171614,8,29.147742076071104,False
190,190,従業員190,19,男性,開発,一般,高校,10,487685.8941924352,76.88047973647754,1.3814436850920142,0.5104405730478544,4,103.26781166948922,False
191,191,従業員191,30,女性,営業,部長,高校,0,400570.4614184781,92.4209818114711,2.800234557704901,8.764886141589814,3,31.85889941936951,False
192,192,従業員192,43,女性,サポート,部長,高校,6,156052.0969057624,62.83114321294211,2.349817115856916,30.301895686529086,13,34.98661645722186,False
193,193,従業員193,37,女性,人事,取締役,高校,3,320509.33458062663,80.52901243680304,4.482753821829757,16.597349437534447,6,20.543385437979342,False
194,194,従業員194,22,女性,経理,課長,専門学校,0,433693.8678083529,79.73587900403238,1.334099658720075,6.053543652284757,7,119.09966849479893,False
195,195,従業員195,36,男性,経理,主任,大学,1,,73.53994772005976,1.8445037702321496,23.74579614228945,10,60.056701193561786,True
196,196,従業員196,38,男性,マーケティング,課長,大学院,0,307354.50859086297,67.44315623844095,4.009873350345977,16.75841664309887,7,13.441589463472642,False
197,197,従業員197,26,男性,開発,主任,高校,3,728147.4811825029,93.22195585341578,1.2051753959248623,31.81660325443592,8,74.36974694406146,False
198,198,従業員198,36,男性,人事,取締役,専門学校,1,115829.0396744553,66.0364704634955,,26.56240999476924,8,22.653276843040985,False
199,199,従業員199,35,女性,マーケティング,主任,専門学校,4,315444.97374131484,47.8194164830557,2.76842813871888,18.837706026463973,7,70.56588341875835,False
200,200,従業員200,23,女性,人事,部長,専門学校,1,387544.95947608404,84.60800387446551,2.3376047159549946,13.39555472520325,8,69.2389345502116,False
201,201,従業員201,38,男性,開発,一般,大学,1,369887.6254670704,56.98044975348249,2.578289261275695,2.8585277695046765,8,8.373086881281322,True
202,202,従業員202,40,男性,経理,一般,大学院,6,215178.6505277751,85.37821717282631,3.1197623477209317,6.058161854653806,9,48.31135313360676,False
203,203,従業員203,45,女性,営業,取締役,大学,0,467179.2621627691,95.02354871765166,1.6454694335535325,10.86351493256763,6,13.735852392568894,True
204,204,従業員204,45,男性,経理,部長,短大,11,455664.10769708833,84.44624817598012,3.287983513134371,18.290809639429813,8,14.123977746181362,False
205,205,従業員205,21,女性,マーケティング,課長,専門学校,9,407194.216897232,91.07116952831237,4.221729317199945,14.418914294526212,11,14.058858899232309,True
206,206,従業員206,25,男性,サポート,部長,短大,5,449776.5794887773,105.3007366039447,4.040643719160636,6.798731336657689,12,51.722106957422895,False
207,207,従業員207,40,男性,営業,一般,高校,4,336433.5382827954,89.5014069391342,1.6155996187750947,0.12970684466760604,7,10.445554796019124,False
208,208,従業員208,40,男性,マーケティング,一般,高校,11,157395.55748371483,79.95860088938154,1.5969978789658956,13.71307540439471,9,0.03624983051049832,False
209,209,従業員209,40,男性,開発,部長,大学,1,,99.50922275285473,2.0726974709796533,6.726972564963659,6,50.243900363626956,False
210,210,従業員210,73,男性,営業,部長,大学院,0,423558.1872114162,101.32163317269877,2.444298905364149,26.53096867599448,9,7.510320004459833,False
211,211,従業員211,40,男性,マーケティング,一般,短大,1,424411.66222695936,101.53157674889131,2.6338223256339304,0.48475276018500724,5,4.414135944408515,True
212,212,従業員212,46,男性,開発,課長,大学院,7,406206.85788787715,67.61784727205996,3.718788867333381,17.581238645753366,13,10.846956499470494,True
213,213,従業員213,44,女性,経理,取締役,大学,0,482306.24019775476,54.68972462252394,1.2267217286633416,56.76576474346846,12,19.115014637871028,False
214,214,従業員214,41,女性,サポート,取締役,高校,4,312828.09318249754,66.7021172484767,1.1386908169042655,3.833122180336847,8,25.843393850936764,False
215,215,従業員215,31,女性,開発,部長,大学院,26,404002.1585665804,85.55462423689762,2.567642251775636,12.759907444939355,8,1.823752826822444,False
216,216,従業員216,42,女性,人事,取締役,大学院,9,485813.91676073824,77.38738417998158,3.788654768551922,1.9174906003761323,5,141.03415849083154,False
217,217,従業員217,27,女性,開発,一般,高校,3,,71.90278522234729,1.7737413718259303,19.652986821289527,9,50.36012338215069,False
218,218,従業員218,32,男性,開発,一般,短大,0,213501.41073908517,83.40722098207404,3.566017925025007,15.993798143798408,3,15.614828079990035,False
219,219,従業員219,30,男性,サポート,部長,高校,8,255776.74455166934,52.937923774900995,2.039312551761198,10.463549367425337,8,15.34994062011984,False
220,220,従業員220,35,女性,人事,部長,大学院,4,524627.848641905,77.11753948037313,4.544344435254065,14.73684185391598,10,23.807623813532665,False
221,221,従業員221,58,男性,マーケティング,部長,短大,0,608870.8244413859,91.77686467271815,4.582759777066466,45.37810528861765,8,39.36617208936554,False
222,222,従業員222,16,女性,マーケティング,課長,短大,0,576292.4661736074,83.23973466837343,2.189148817125306,4.370442489310927,13,6.330441070461815,False
223,223,従業員223,41,女性,開発,取締役,高校,12,434823.39246130525,85.37714732750592,1.919975015852962,0.45645971860001655,3,8.376027431257612,False
224,224,従業員224,18,男性,人事,部長,大学院,5,219530.10969749608,98.96059184928772,2.645215888264925,39.561523316185415,9,78.48329183837674,True
225,225,従業員225,30,男性,人事,主任,大学,8,399047.2664840697,74.007850726895,1.9621263407205949,17.213198575291383,4,11.842277699970708,False
226,226,従業員226,45,男性,サポート,主任,大学院,10,634338.2697925633,65.20362507974495,3.6895353731668146,44.26557719206009,12,19.134014531029308,False
227,227,従業員227,35,女性,経理,一般,専門学校,4,492773.2570684713,92.84272563997563,,18.173656084406765,8,82.00209879836463,False
228,228,従業員228,24,男性,マーケティング,取締役,大学,3,368878.3715974191,92.56680946550891,3.692368523644868,33.23158816672084,6,43.52444431111919,False
229,229,従業員229,27,女性,サポート,部長,短大,2,494293.7849261825,83.37437512133695,4.297401788997398,11.230920710735472,8,16.72450280617905,False
230,230,従業員230,41,女性,営業,主任,大学,1,209590.7190076593,72.59443499126327,2.5879686488298965,27.71468486336635,8,46.042508498189925,False
231,231,従業員231,27,女性,マーケティング,取締役,短大,2,295649.2933227697,75.02069476511977,,48.8464780974012,7,0.7951803976246586,False
232,232,従業員232,37,男性,サポート,一般,短大,7,237371.29134665127,55.8484057180337,3.9518037895903686,16.978388461896127,9,53.218141220404654,False
233,233,従業員233,35,男性,マーケティング,課長,大学,4,470435.7727522649,91.69419795310804,2.4418980205662155,3.988177962125471,9,26.700428094522742,False
234,234,従業員234,28,女性,経理,取締役,短大,11,507115.5249580139,91.16476964293716,3.68508330091653,6.261299942546554,6,67.10484745886846,False
235,235,従業員235,56,男性,営業,取締役,短大,2,376926.095920245,55.32475874299824,2.0825757679270627,4.429014122145894,5,123.7229142950598,False
236,236,従業員236,41,男性,経理,課長,専門学校,4,269060.5484890651,88.01448125859204,1.3249185392266907,5.670003976291037,7,104.0334728493847,False
237,237,従業員237,14,男性,営業,取締役,大学院,4,,81.06152482513512,4.9703271819510535,7.317642558294747,8,95.99250350724624,True
238,238,従業員238,36,女性,開発,一般,大学院,4,327013.0163989289,59.67038834413806,1.6248060317223971,16.19963372815338,8,28.71152816582084,False
239,239,従業員239,28,女性,サポート,一般,専門学校,6,280574.3942959383,56.90999698391296,4.953683975853924,17.734232260072748,7,17.860367225120154,True
240,240,従業員240,43,男性,営業,課長,大学,1,450849.05279638694,80.60239904102583,4.90911973026579,11.119938033674174,8,25.022182472000477,True
241,241,従業員241,27,女性,経理,部長,高校,3,286301.16662219894,69.03443829139623,4.175272415632159,19.112109539649484,5,46.83390258315137,False
242,242,従業員242,33,男性,マーケティング,主任,高校,0,165047.5400553861,102.29923275824505,3.6376918483279903,1.7018990307420443,12,86.16583692623416,False
243,243,従業員243,40,男性,営業,部長,高校,2,198382.82944552196,89.28897591973359,3.311228201004339,1.8376623930603009,7,9.276591404530055,True
244,244,従業員244,43,男性,サポート,取締役,専門学校,3,159510.92997760756,82.10539705098341,,3.7707236010658103,10,100.13577605933413,False
245,245,従業員245,22,男性,営業,主任,専門学校,5,437126.78748643067,,2.1577580864779518,14.599439243495771,5,67.53496622542053,True
246,246,従業員246,31,女性,人事,課長,短大,15,422560.81572642457,94.96300770550751,2.870724849939508,4.815834329438416,8,154.25599278124315,False
247,247,従業員247,30,女性,マーケティング,課長,高校,4,415078.0141762243,87.69777137591007,3.4775598774660077,6.6615234932542275,6,84.89455403994239,False
248,248,従業員248,28,女性,サポート,主任,大学,6,488159.74787199136,82.49649657744034,2.6447619034779644,10.22694306721135,6,13.136681146616212,False
249,249,従業員249,52,男性,サポート,一般,大学,3,578793.8284175675,60.29608235553735,2.709945816361072,33.41202926503655,11,4.4800075541862485,False
250,250,従業員250,39,男性,開発,主任,高校,5,311160.0203762327,120.92920448109328,2.3211386700083376,0.27918225128475255,10,4.762202012586027,False
251,251,従業員251,22,男性,経理,取締役,高校,0,460971.6215857627,58.4522586403765,3.256927266738144,20.96097796540102,9,13.768591156152873,False
252,252,従業員252,44,女性,開発,一般,高校,1,163057.67388911848,70.31185894349753,4.402298112060464,22.105279103100443,9,38.095759667932356,False
253,253,従業員253,56,男性,サポート,課長,専門学校,2,606806.4619395026,50.17907585385004,1.8061135120252514,32.054786002018226,9,65.25105094106138,False
254,254,従業員254,45,女性,マーケティング,主任,専門学校,3,213275.31426727644,83.08197238153893,4.737732155013766,53.987639299085906,5,91.80464500493633,False
255,255,従業員255,19,女性,営業,部長,専門学校,0,,77.2666565592721,3.7563506149929187,0.4068675880905286,11,39.1004183184316,False
256,256,従業員256,30,女性,営業,部長,大学院,0,310343.57294003613,86.4791465754714,4.293092850720121,3.339605696223046,7,0.22588913473471994,False
257,257,従業員257,47,女性,マーケティング,取締役,大学,1,171059.35049166818,48.91401553343349,3.2247627705200466,43.46121080061502,6,8.24736596257251,False
258,258,従業員258,27,女性,サポート,部長,大学,17,404886.3366112843,91.69358501071397,4.1180668056962535,12.268929846580694,5,4.202253759280756,True
259,259,従業員259,39,女性,営業,主任,短大,2,432085.58023022226,62.88846897795578,1.0648015893578688,16.62937260979334,10,18.059805359500793,False
260,260,従業員260,42,男性,営業,主任,専門学校,3,,72.76492200954202,4.273521699118141,21.75506150204313,8,27.834112991355436,False
261,261,従業員261,25,男性,営業,部長,大学院,1,168962.8551953385,88.97356903021597,1.160555436341466,22.730433360437946,10,1.7746799325495437,False
262,262,従業員262,34,女性,経理,主任,大学院,4,697507.9352277567,78.9190002619785,4.55965350545145,53.688744881093996,9,17.137763104389578,False
263,263,従業員263,2,女性,経理,取締役,大学,1,482384.6194752472,79.97913835000296,4.967850988954574,115.84845388072132,10,7.898041679553928,False
264,264,従業員264,24,男性,人事,一般,専門学校,1,795133.3065474938,86.98768229858099,2.1762698487071113,25.47056388928972,9,41.65944052312261,True
265,265,従業員265,32,女性,開発,取締役,短大,3,279233.6140170561,81.43185959908087,1.8412742251431746,6.771683160907346,9,24.96517595154769,False
266,266,従業員266,22,女性,マーケティング,取締役,専門学校,0,,69.88338146176925,4.061453455432163,42.36404695391116,11,27.35304205768807,False
267,267,従業員267,51,男性,マーケティング,主任,高校,0,516891.0831091245,72.50296307647156,2.012105363681013,1.0094708104097907,10,22.32310402443597,False
268,268,従業員268,20,女性,マーケティング,一般,専門学校,1,356413.73453539563,78.17818017977734,4.462249532688814,5.255389105660968,7,124.96054844136948,False
269,269,従業員269,30,女性,人事,主任,高校,0,611657.6351588836,61.56665859680498,1.4113703686299068,45.53556299854095,9,9.669367915432936,False
270,270,従業員270,36,女性,経理,課長,高校,0,339188.4988579332,89.94012989083005,1.503820785517433,5.919433783320467,9,29.081750104586458,False
271,271,従業員271,49,男性,サポート,主任,短大,2,345866.28708630893,79.32980896211227,4.916606220402462,4.985927993408824,2,53.274878690506625,False
272,272,従業員272,20,男性,サポート,主任,大学,8,-120714.48379075743,76.12164401882953,3.6953555930800186,2.9729074110768448,11,32.55337434846383,True
273,273,従業員273,46,男性,人事,主任,専門学校,4,461354.2080613956,92.88744838547206,4.387548897715812,39.195766206165025,9,105.81478440964828,False
274,274,従業員274,35,女性,サポート,一般,高校,3,201173.51324763903,73.19829535182946,2.297317509406072,13.865274114618256,5,18.990572494490845,False
275,275,従業員275,25,女性,マーケティング,主任,専門学校,1,317391.8206456733,72.26368504271375,3.7059349980824177,22.472030892886117,2,24.920658431115832,False
276,276,従業員276,39,男性,開発,一般,大学,13,246067.05418824588,67.73056853994053,3.376967309234389,5.464183152254719,6,3.707526680895165,True
277,277,従業員277,36,女性,営業,部長,大学,2,345065.26910226076,80.14600513388903,3.412600480491788,28.379691914966237,6,37.56181781899505,False
278,278,従業員278,28,女性,経理,課長,大学院,0,466582.03453261533,79.62675162497273,3.7301298381508863,28.542789198315823,6,13.599004815546536,False
279,279,従業員279,35,女性,経理,一般,大学,4,401671.2344573136,65.0057369923514,3.3014366925163943,7.496720825838912,8,6.988854360933086,False
280,280,従業員280,31,女性,人事,部長,短大,0,506446.19357587106,,2.716249477210664,10.575808340633541,7,31.457130590470076,False
281,281,従業員281,36,女性,経理,一般,高校,2,589844.4303378448,65.10596597221151,2.1036907775221874,4.7066071293658345,7,30.398006354277328,False
282,282,従業員282,41,男性,マーケティング,一般,大学院,3,344680.6094983247,64.42697319276765,4.074325323652808,75.0670994469363,6,3.1561720225701957,False
283,283,従業員283,50,女性,サポート,課長,短大,10,328214.91369758296,49.0515325240973,1.9050897200127448,20.74672663774326,8,47.92167753524368,False
284,284,従業員284,22,男性,マーケティング,取締役,専門学校,3,543659.1480493015,71.53634619477667,3.7694172246176567,54.52750590870811,9,39.10241772529511,False
285,285,従業員285,56,女性,人事,取締役,高校,6,555557.0933109894,49.466801008799834,1.9333312905973066,7.2304633701616545,8,8.380341420348426,True
286,286,従業員286,15,男性,マーケティング,一般,大学,24,511088.63021545706,68.05776470490733,3.5013206798178156,30.45519884508178,7,25.352501708205327,True
287,287,従業員287,33,女性,サポート,主任,高校,0,257173.1789890976,65.80958031183587,3.9883130685161157,29.03660520096544,12,50.96478457927235,False
288,288,従業員288,40,男性,開発,部長,専門学校,1,463398.2598252406,90.77842585898406,1.8748555556261568,23.530762141996306,8,30.152910092980775,True
289,289,従業員289,37,女性,人事,主任,大学院,2,416420.59060709336,59.775977905355376,1.2397732034452331,67.41664717753157,6,20.133421530442803,False
290,290,従業員290,28,男性,開発,主任,大学院,2,557879.3412024495,63.58220422778287,1.5238949719766963,10.002835863761428,9,15.564292655730188,True
291,291,従業員291,32,女性,営業,一般,大学院,2,314069.1865693377,69.27713791212642,3.423987869084102,2.8017383460402314,7,37.704758585504166,True
292,292,従業員292,30,男性,開発,一般,大学,11,150008.4563275126,66.29784522745837,4.397785624902943,22.277088800950658,8,111.94659775455088,False
293,293,従業員293,29,女性,営業,一般,短大,6,503535.52005704085,95.53882196132814,1.1799872849416975,26.135605744365055,9,44.558561906063076,True
294,294,従業員294,43,男性,営業,一般,短大,4,16244.742511434655,57.92148940425571,,17.116172920018627,7,3.1074752168384197,False
295,295,従業員295,38,男性,開発,取締役,高校,1,290272.9894155505,69.30893251521238,,4.634048815041002,7,24.698216560939045,True
296,296,従業員296,28,女性,人事,一般,大学,8,246520.67330225583,79.9809787374661,2.91411347967809,14.04198024502916,6,88.59180898486271,False
297,297,従業員297,43,女性,サポート,取締役,大学院,15,,88.2177501456301,4.7154381993822625,7.48484517960105,7,3.9690602797380743,False
298,298,従業員298,38,男性,マーケティング,取締役,大学院,8,287645.27935673564,69.29637666104695,2.327886018943382,11.153681583568627,10,179.9449786136863,False
299,299,従業員299,43,女性,マーケティング,一般,専門学校,0,582606.0354627445,46.22850599244312,2.861347735757944,20.72506771473119,10,119.0916493003979,False
300,300,従業員300,41,男性,サポート,課長,専門学校,5,523083.31285095593,72.74843667621742,1.0547296590427244,27.346684336244266,7,3.260312047591837,True
301,301,従業員301,26,男性,営業,部長,大学院,0,362240.39770112425,95.28042714271072,1.3263948800193535,5.2851630983623625,10,108.37002912759542,False
302,302,従業員302,29,男性,営業,主任,大学院,1,570043.5207788574,,2.034366364539136,10.39481695232684,6,18.047751721992313,False
303,303,従業員303,42,女性,人事,取締役,大学,0,240655.4267250439,78.54626793539899,1.1114089632842976,6.271257420216655,8,74.4982231498625,False
304,304,従業員304,41,男性,経理,部長,短大,4,220257.49213792628,59.05473012634505,3.525501304193004,4.428690597020424,7,21.677748164979832,False
305,305,従業員305,34,男性,開発,課長,専門学校,5,529539.4988869886,57.51492614567003,2.70559342720649,30.59287886733093,7,23.253865970180097,False
306,306,従業員306,36,女性,営業,主任,短大,0,486946.48439839703,75.27062472951148,3.192580810912088,47.99352994087427,8,40.231453969870536,False
307,307,従業員307,47,女性,マーケティング,主任,大学,2,330960.48976250156,53.60431616577888,,9.248081524660027,9,59.57339955217171,False
308,308,従業員308,29,女性,人事,取締役,大学院,3,229680.8659452804,86.72043333543766,2.1837281177464645,27.82846377187728,9,1.3749279338877571,False
309,309,従業員309,40,女性,開発,一般,短大,2,618959.7812556911,62.300306267004565,3.6552978994109004,45.45961114944355,10,35.97301793616319,True
310,310,従業員310,32,男性,人事,課長,大学院,0,141984.61735782726,74.63014078902759,4.8612108945216,37.43219127798344,7,8.267832112324378,False
311,311,従業員311,32,男性,開発,取締役,大学院,2,310236.1096984659,46.71349621868637,1.2016670944088368,4.037755992063225,4,16.98282962769209,True
312,312,従業員312,45,男性,開発,課長,高校,6,434286.4791276846,69.0929719733474,4.561537283421064,62.60442832817703,6,17.106506406643536,False
313,313,従業員313,43,男性,サポート,一般,短大,0,,57.21209179304695,3.307524805244834,9.453790755158131,7,25.324275970609506,False
314,314,従業員314,43,女性,営業,一般,短大,0,457465.031810983,40.17065373987284,3.255678267022495,8.287311838440028,6,16.266818082306635,False
315,315,従業員315,48,男性,人事,取締役,大学院,2,472045.69795199484,83.12763134004476,3.0011141408310413,1.2893054583317327,10,4.5429267142069545,False
316,316,従業員316,35,男性,人事,一般,大学,14,314592.4449777809,99.6173930863736,1.2775763436167336,13.317398381273955,7,6.2955778902610735,False
317,317,従業員317,41,女性,サポート,部長,高校,5,485272.0337911898,91.94210384015919,1.3595074069446427,2.3085226586207668,15,1.3603927384636705,True
318,318,従業員318,31,男性,マーケティング,主任,大学院,5,415796.39813186304,85.22536034855707,3.4036480226363444,5.714741195715377,5,25.413934209039105,False
319,319,従業員319,38,男性,マーケティング,取締役,専門学校,2,161730.31893736628,68.78818248081681,2.363834285742233,7.6235282762882575,5,123.55576198388086,False
320,320,従業員320,33,男性,営業,課長,専門学校,4,518940.2280239661,87.08835342821739,4.669072266310723,33.09145926017286,6,4.917235590158015,False
321,321,従業員321,35,男性,営業,部長,高校,0,545559.0084770276,93.35779797860592,2.626362149437889,41.667168115071746,8,116.94725142398683,False
322,322,従業員322,40,男性,経理,取締役,大学,5,520504.7573231744,77.0523274450694,1.5731258348105643,7.204089521494757,13,52.87446103248883,False
323,323,従業員323,26,男性,サポート,一般,大学院,12,404999.1888498703,57.234597415319655,3.858875334008144,39.13713386326608,8,40.58910009769103,False
324,324,従業員324,55,女性,マーケティング,一般,短大,4,256573.46752755292,67.50923552112944,2.1734136857640394,38.930538015922224,6,41.45680820443293,False
325,325,従業員325,24,女性,開発,一般,高校,10,53622.44030727015,100.54044732521905,3.1018812294235727,28.933710986395695,13,70.11562542591952,False
326,326,従業員326,22,男性,人事,一般,大学,6,423558.0408102176,73.87883747774751,3.79133114202068,3.1727673493772164,5,4.523158583808627,False
327,327,従業員327,46,男性,営業,課長,短大,0,562291.3089611274,25.128664201333557,4.601056444808282,23.444499315906583,7,28.10805294033205,False
328,328,従業員328,42,女性,人事,部長,専門学校,11,549329.8703624621,52.9661480449471,4.168764779206704,58.01719454651589,6,47.772932202287556,False
329,329,従業員329,41,男性,人事,主任,専門学校,0,522410.9265090772,68.63326945286278,3.7054442714908964,22.948099219144638,6,35.35492091238869,False
330,330,従業員330,41,男性,経理,課長,短大,3,388868.35321759136,90.53737857626352,3.7185327295805743,8.057873813985314,7,71.53757651437624,False
331,331,従業員331,34,男性,マーケティング,課長,高校,0,563119.6261047246,70.90316471389632,4.783698576128346,13.88612974315788,8,3.0006551580073806,True
332,332,従業員332,26,女性,営業,主任,専門学校,0,538624.2735783854,90.8164748245989,2.183296389986144,20.75363907273512,6,46.93787840435228,False
333,333,従業員333,35,男性,人事,主任,大学院,2,336604.9658917663,67.10756469678766,1.0044483767847496,14.290293308268886,9,30.545166155618453,False
334,334,従業員334,28,女性,営業,一般,短大,1,501489.7024923771,45.5356121664658,2.0878182375927947,2.5555979526784394,7,19.067330833228972,True
335,335,従業員335,44,男性,開発,課長,短大,3,319606.12818860624,67.62658262102873,1.871565518506976,7.4811906707754305,6,16.63728682114612,False
336,336,従業員336,33,女性,経理,取締役,専門学校,4,481003.6347425383,80.17417502319428,3.6473383404559927,32.429808111576065,6,38.79110276793383,False
337,337,従業員337,26,女性,開発,主任,高校,0,205132.50335483992,78.9292552401197,3.534846399062116,39.525868068256074,6,88.65459852788094,False
338,338,従業員338,31,男性,営業,主任,大学院,0,216668.2286990618,,3.3738455308188953,2.9537662164381406,5,27.421125262829186,False
339,339,従業員339,39,女性,営業,部長,高校,4,558731.0570415861,69.73205697294352,1.0649737728378148,60.89288491029816,7,69.6555454165964,False
340,340,従業員340,29,男性,マーケティング,取締役,大学,2,540634.0183307148,115.2701135709611,3.91511221780259,7.9744364405191,4,20.57704269323964,False
341,341,従業員341,26,女性,人事,取締役,大学,6,495041.7310863747,56.50096760554685,2.294121649941966,21.712760713197884,12,4.320983013212009,False
342,342,従業員342,37,男性,人事,主任,専門学校,5,413195.3231579246,84.91085091695624,3.6602239560265244,27.872434492530502,6,2.539141413744318,False
343,343,従業員343,37,男性,開発,一般,専門学校,9,41308.835346377746,43.54986452145307,3.2263137140086133,33.42054742139349,10,2.107955326324868,False
344,344,従業員344,29,女性,経理,部長,専門学校,5,,87.95687736854492,2.3709237017116287,58.28293595307371,4,19.131119788695965,False
345,345,従業員345,30,男性,サポート,取締役,大学,2,468127.4750784757,61.6151191471733,1.538305068416431,7.506077747980845,8,16.453558066154923,False
346,346,従業員346,37,男性,人事,主任,高校,5,319790.0128660613,81.0313238730441,1.3776755906419238,39.11002356289164,2,50.62499649955957,False
347,347,従業員347,20,女性,マーケティング,取締役,高校,1,293125.8710787644,55.627115973476975,4.326073332448894,2.824058380703329,6,54.31939555240915,False
348,348,従業員348,20,男性,開発,部長,専門学校,1,616663.0582230538,,4.673590168326232,24.418371957253605,9,2.087704528614475,True
349,349,従業員349,27,男性,開発,部長,大学院,7,390956.6512912582,61.37024556387843,,27.094187561452372,6,9.996099113524782,False
350,350,従業員350,32,女性,サポート,課長,高校,2,468219.2754463571,64.27427725550062,1.4137364594419335,22.64689206442046,10,12.822640174650655,False
351,351,従業員351,38,女性,マーケティング,主任,大学,8,516119.71924290474,81.62979009592546,2.608108867552963,5.81546319580913,6,31.728601009548782,False
352,352,従業員352,49,男性,経理,部長,短大,8,,68.54421785404476,3.915756800420629,41.2781598105108,8,6.2434792456289445,False
353,353,従業員353,43,男性,マーケティング,課長,短大,9,428981.1134071291,80.70572172324466,4.119283536040273,3.699103555514436,3,5.752099869665931,False
354,354,従業員354,33,女性,経理,課長,短大,12,597946.6741715949,72.13738022034974,1.4728744891643544,1.1025345791138244,5,115.14563362786922,True
355,355,従業員355,34,女性,マーケティング,取締役,大学院,2,672883.4774949582,,1.0001228753815297,25.27905618072967,11,65.22705589196951,False
356,356,従業員356,24,男性,マーケティング,取締役,専門学校,1,405990.4595822036,81.67629707030102,3.84854818352242,12.905271028441664,9,7.969996756412402,False
357,357,従業員357,34,女性,営業,課長,大学,4,364308.4678979388,69.7497231811329,2.4263847039448225,37.8224958349641,7,20.873292894135183,False
358,358,従業員358,32,男性,開発,取締役,大学院,2,440353.61022063,60.05925320997339,2.017925326473041,9.670602538356746,8,17.57879069581901,False
359,359,従業員359,38,男性,マーケティング,部長,大学,4,436545.55705412815,67.01531601105314,1.0515898791581018,3.6851547237879827,4,62.61762081372959,False
360,360,従業員360,26,男性,サポート,一般,大学,6,608013.709919673,92.92708769750153,3.1611976270459987,36.21177576516078,12,28.551380229394535,False
361,361,従業員361,40,男性,マーケティング,部長,専門学校,5,250541.24662493993,76.74259626114825,4.404602941703927,15.921751724957948,11,5.471741998276648,True
362,362,従業員362,50,男性,人事,課長,短大,2,358019.03707509674,62.32652319884289,4.830526585090352,4.194573499266711,6,53.72817851034995,False
363,363,従業員363,33,女性,開発,課長,専門学校,0,232428.80096852343,81.02340912581577,3.262979802453157,25.486760811956508,9,20.226093016831697,False
364,364,従業員364,39,女性,人事,部長,大学院,2,248185.76713036344,82.02473377408707,3.0578453109595767,14.312504121259625,14,12.202584292606172,False
365,365,従業員365,41,女性,開発,取締役,大学院,0,456486.10227086867,82.79998613696716,1.3402255419569644,18.542634788377566,8,18.832069715474628,False
366,366,従業員366,30,女性,人事,取締役,大学院,11,521478.676245554,60.33244199443072,3.195491206170399,12.357022279929833,8,27.54681375113806,False
367,367,従業員367,37,男性,マーケティング,課長,専門学校,2,302591.2459384382,64.76413508571157,2.5199163158615785,35.28782639932176,6,16.809884001239478,False
368,368,従業員368,35,男性,マーケティング,主任,大学,0,515814.21834629343,64.84756175419483,3.4285411235343077,35.387757676884725,8,11.077903620028804,False
369,369,従業員369,35,男性,営業,取締役,大学,0,566736.7985697952,69.59028131900712,2.554905391506187,24.715381254742198,6,20.333284659231587,True
370,370,従業員370,27,男性,サポート,部長,高校,5,690205.8997650086,83.08378777715602,1.961196493801467,2.2276025532631953,11,0.774363785449192,False
371,371,従業員371,35,女性,人事,取締役,大学院,5,,79.4427720709652,1.379861100913506,36.50887271324647,5,59.2238229170976,False
372,372,従業員372,39,男性,経理,部長,大学,2,304035.32088338,80.62825435735743,2.259673778355583,22.234739670048786,12,7.498746107024953,False
373,373,従業員373,49,男性,営業,課長,高校,0,249629.2102591158,95.31028713557285,,23.882044648863946,9,1.795903774843721,False
374,374,従業員374,44,女性,人事,取締役,大学,2,234731.02031201596,85.33336398737444,1.7075878032959357,9.019173712626202,11,42.41784212490203,False
375,375,従業員375,56,女性,人事,部長,大学院,1,587467.105210541,72.87297562505869,4.949344634318184,42.285555757949645,6,59.47750815254886,False
376,376,従業員376,27,女性,営業,課長,短大,5,,57.2417223592125,2.7764142276264745,25.846727373805884,9,67.24361518467464,False
377,377,従業員377,43,女性,マーケティング,主任,大学院,4,582662.27284768,64.28179487293694,3.127487066020066,2.3889739389120725,9,27.209963403747025,False
378,378,従業員378,36,男性,人事,部長,専門学校,2,269733.8456121777,71.0744239848266,4.494474114948861,10.477475449795833,9,9.195055879988082,False
379,379,従業員379,56,男性,マーケティング,主任,大学,1,297219.0703210891,87.43694741004171,4.982275601962751,43.49797835132439,9,53.45869258792183,True
380,380,従業員380,26,女性,営業,主任,大学,22,377266.68174850306,74.5900209884086,3.330857797378726,0.9669359850486385,7,48.12067407634156,False
381,381,従業員381,26,男性,マーケティング,一般,専門学校,3,294451.8175650233,65.15706067667335,4.249895284176686,65.09867311808142,5,11.308881570013336,True
382,382,従業員382,29,男性,開発,取締役,専門学校,5,539796.9632439363,64.00660671409162,2.307764097346701,22.73641455002,2,93.49027317686655,False
383,383,従業員383,13,男性,経理,部長,短大,0,672001.5927974163,73.95632686618161,2.2229758297891644,19.959561279710364,9,4.409181028792834,False
384,384,従業員384,29,女性,人事,主任,大学,3,301385.1763670293,88.3498134332565,2.610814883978241,6.3095428645200435,6,162.25476864094728,True
385,385,従業員385,27,男性,サポート,一般,大学,0,335164.324125306,98.86528958662676,3.6900290506945965,5.721448405788696,7,78.71538012892793,True
386,386,従業員386,36,女性,経理,課長,短大,3,375501.87890741526,71.91347102955498,3.728766757020395,56.96633113701358,4,46.57709158770533,True
387,387,従業員387,38,男性,マーケティング,部長,高校,16,481158.5145238957,74.32885228856102,2.2609577385978032,7.084201234713695,9,111.71158422224941,False
388,388,従業員388,53,男性,人事,主任,短大,2,376977.3581566215,56.79087440763925,1.5328396965465148,29.87806330962544,8,51.25016410817156,True
389,389,従業員389,44,男性,マーケティング,取締役,大学院,0,608088.6116578893,104.08788853649199,3.5295850258620343,9.98854328163189,10,8.451415375886166,False
390,390,従業員390,29,女性,開発,一般,大学,0,571993.5874842891,53.98495742765874,1.513303448755058,2.9991181224168706,9,23.347046926539754,True
391,391,従業員391,26,男性,営業,主任,専門学校,2,222180.64696073497,92.57493467670825,3.3139700329173203,0.21546239847182747,9,2.9675262167106937,False
392,392,従業員392,39,女性,人事,取締役,大学院,0,478145.22483622434,69.51996070481295,3.773688512225236,15.716539286495156,2,19.749395065930003,False
393,393,従業員393,21,女性,開発,主任,大学,0,628050.8855964254,66.00950259239522,3.8024459855778066,74.41055524137776,6,54.13032773725931,False
394,394,従業員394,53,女性,開発,部長,短大,7,325782.8581349675,58.349946421711095,4.013888442638387,9.213305555735207,7,19.539307262917493,True
395,395,従業員395,46,男性,人事,部長,大学院,3,355860.2692309665,111.150729741107,4.491437686262659,8.838194384601998,7,16.0366692351412,False
396,396,従業員396,30,男性,マーケティング,部長,大学,1,320794.4503220567,,2.9998359678591537,8.434683222949204,9,36.18987700067557,False
397,397,従業員397,17,男性,サポート,一般,高校,11,323938.65767147415,75.31920655656096,3.9209967581182847,14.702056235773444,6,82.29296703370667,False
398,398,従業員398,48,男性,開発,部長,高校,0,149732.26721334283,88.30098539331814,3.476690941463347,11.62012984942744,6,1.9501006820604676,False
399,399,従業員399,33,女性,経理,取締役,専門学校,15,200752.7572802424,65.23750911555055,1.7465597591907303,42.39104690429634,10,19.475929534335435,False
400,400,従業員400,47,女性,開発,主任,大学,1,411621.0578105845,75.02768932846509,1.1027585794776327,14.085003495115673,10,6.890448890678887,False
401,401,従業員401,19,女性,サポート,課長,高校,10,627039.6961979168,,2.138165542707735,14.175689695524124,12,47.54422620888921,False
402,402,従業員402,29,男性,マーケティング,取締役,短大,4,307995.87812225753,67.31781401477801,2.7721348253504776,2.978623712492289,8,4.469658132371989,False
403,403,従業員403,35,女性,マーケティング,取締役,大学,8,303586.4045577163,92.99457118778871,3.468423777714625,81.18673990418645,5,43.722042270581305,False
404,404,従業員404,35,男性,経理,部長,短大,20,655228.1605631101,71.72018382756144,4.3998373220128215,5.752918551935739,8,13.485026767153787,True
405,405,従業員405,30,女性,開発,一般,短大,1,233761.38072760197,51.70301919946756,1.7849828668246626,1.5238905567778178,8,8.871619371756989,True
406,406,従業員406,41,男性,マーケティング,主任,高校,16,150813.5255940367,70.4775395471869,1.5021991595939084,21.7621283208722,8,110.17584562270322,True
407,407,従業員407,24,男性,サポート,一般,大学,2,275722.684579375,78.73768007570845,4.85391978989731,18.09546477920762,14,0.747932222592725,False
408,408,従業員408,33,女性,人事,主任,大学院,2,300582.32818084507,61.59760149168588,1.4321782375056284,10.727848878708443,2,23.034287769443523,False
409,409,従業員409,36,女性,営業,主任,高校,2,137882.0372957402,62.781078102443416,2.9139642804287567,10.970281003938403,7,0.8745713344135704,False
410,410,従業員410,40,女性,営業,一般,高校,3,380793.7440588083,66.8061144281094,3.3422549151732075,30.74829204503445,7,26.434406314802917,True
411,411,従業員411,42,女性,営業,取締役,大学,0,542266.9524792304,93.31853490100441,3.165497683629753,4.355973216970655,5,27.80976532872087,False
412,412,従業員412,23,男性,開発,主任,大学,4,207106.78394277606,67.69262966031441,1.3441286281317728,34.32413493557856,7,15.524411404665111,False
413,413,従業員413,19,女性,経理,一般,短大,3,413136.7328430384,96.43675527826547,1.2281076560144775,20.924976833979017,8,5.669998453190156,False
414,414,従業員414,47,女性,マーケティング,主任,大学,7,459390.351344016,65.77574342777497,1.4219337098441427,10.859049980151806,8,18.88904630433312,False
415,415,従業員415,38,女性,人事,課長,短大,8,387492.35870885605,79.87521204384812,3.34235073549045,12.250841541231596,12,44.62174552895818,False
416,416,従業員416,27,男性,サポート,取締役,高校,2,427853.8884611589,68.30635988670373,3.1773795505372844,5.931690497306481,4,61.00310009766564,False
417,417,従業員417,50,男性,人事,部長,専門学校,1,429599.08938928164,86.31124755435708,1.934963168146977,27.89575316116947,6,30.264835489669576,False
418,418,従業員418,36,女性,サポート,主任,大学院,1,278090.80646223517,58.22588768152081,3.5510965673823662,14.384679726237854,8,35.64777139341183,False
419,419,従業員419,46,男性,開発,課長,高校,1,624787.3858017803,86.14289219365847,4.2802700082225975,7.738399032231565,9,8.956572487195269,False
420,420,従業員420,35,女性,営業,部長,大学,0,587163.5251114323,76.70804100464525,1.166315839386375,18.129289152578657,6,13.549490655367826,False
421,421,従業員421,55,男性,開発,部長,大学院,2,578486.7095861752,65.40012274833826,2.9925197741921696,109.14369261267643,11,7.064504636601888,False
422,422,従業員422,52,男性,経理,主任,専門学校,1,552051.3610815795,72.50667772934774,3.757241648410761,11.427877347937054,6,11.469719208391119,False
423,423,従業員423,32,男性,経理,一般,専門学校,16,163753.07958504642,98.00782411548262,2.0092477082787483,50.688174342219334,9,10.189846810693105,True
424,424,従業員424,44,男性,サポート,主任,短大,4,538909.3566717949,77.06766757321175,2.2310836211725964,8.462915069717717,12,29.312858890327924,False
425,425,従業員425,41,女性,マーケティング,課長,大学院,2,498340.2141324262,64.45907976131042,3.4545516119575352,1.1257508333606396,7,33.08440432358578,False
426,426,従業員426,48,女性,マーケティング,部長,短大,4,169521.45775843252,56.929600757578314,4.591741173774947,4.569205862621254,14,115.97866261395255,False
427,427,従業員427,25,女性,サポート,主任,高校,0,367763.44672748825,82.58106410146496,4.239697681211597,10.849598989263114,6,8.704885252945797,False
428,428,従業員428,41,男性,経理,一般,大学院,2,441519.01739879325,77.93767870516028,3.332520876398334,4.959868570636122,9,41.0526746026779,False
429,429,従業員429,45,女性,経理,主任,高校,4,649647.5647186952,85.42531042632335,3.920886871028997,0.004541279906669471,8,67.98747604529981,False
430,430,従業員430,17,女性,経理,取締役,短大,3,508708.57868413883,,2.4592898808311947,49.30244227605694,10,32.86117936122137,False
431,431,従業員431,23,女性,開発,一般,大学院,2,270315.1409082548,57.4160932066275,3.563862112395031,37.14253130834183,9,11.775038532024135,False
432,432,従業員432,14,男性,経理,課長,短大,25,654308.2687677945,,2.864726364510228,27.11858032418981,5,12.182292063573868,False
433,433,従業員433,32,男性,人事,部長,大学院,10,406566.96440708335,79.97012470169011,1.7597445458302436,3.6740004242973563,7,1.6017690936747422,False
434,434,従業員434,42,男性,営業,主任,短大,4,361623.8294645362,83.00101276856343,3.8069530955090287,2.5649322333182623,10,14.579312506664087,False
435,435,従業員435,50,女性,経理,一般,専門学校,4,350932.2705116782,60.5596945183807,3.225858549395288,1.399969312954665,6,54.59754961423251,True
436,436,従業員436,35,女性,サポート,取締役,短大,4,156466.71429653,60.28519202506622,2.4344863278143656,25.749203505624394,7,1.9473525956873106,False
437,437,従業員437,51,女性,営業,一般,専門学校,1,383534.57442757866,,4.645356760314523,52.84748548458482,8,9.902331329052307,False
438,438,従業員438,21,男性,開発,取締役,短大,2,474622.78859584866,90.57566482147723,1.083736471306933,11.261187939093155,6,48.998665433291194,False
439,439,従業員439,17,男性,サポート,課長,大学院,0,342192.50087121763,58.67520769456419,2.263092604997984,2.53714677778658,5,61.05014047698344,False
440,440,従業員440,34,女性,営業,部長,大学院,3,463067.87158713373,55.80944256220732,1.2275255911105862,14.36490315600569,7,24.30215574794134,False
441,441,従業員441,38,男性,サポート,課長,大学院,3,270341.3393628729,73.37110543931334,4.066109264886508,8.579749268688033,4,47.90297783243691,True
442,442,従業員442,34,男性,開発,主任,大学,1,378860.81285835704,63.009773199359906,3.8084298164551704,9.394470948646102,12,19.637793749246228,False
443,443,従業員443,14,男性,人事,一般,高校,16,447481.0489912948,62.69734681430962,2.325408874945268,19.421836277527298,12,6.9700045097832275,False
444,444,従業員444,34,男性,開発,取締役,大学院,12,428449.1315595131,56.22932630358911,3.702651608828292,25.367959136444988,9,20.30984770491949,True
445,445,従業員445,21,女性,開発,取締役,専門学校,6,159180.23654214304,67.9734922757945,2.5837489047837994,2.344244946387008,7,34.696958083033195,True
446,446,従業員446,41,男性,サポート,一般,大学院,3,334149.1073693157,57.67957886050701,4.025015165689737,0.7247800582298397,5,118.30146946926227,False
447,447,従業員447,38,男性,マーケティング,一般,大学,10,651619.4395468909,,2.8167346509468243,103.45239092782803,5,2.8491412666397427,False
448,448,従業員448,25,男性,経理,主任,専門学校,0,326133.0888504223,79.47587769849457,2.649118911326662,5.298287336130883,7,28.32183214436286,False
449,449,従業員449,29,男性,経理,課長,大学,7,402371.13161677594,74.17202648568936,4.738919661953204,1.1066715366031703,6,15.954663743358488,False
450,450,従業員450,24,女性,人事,取締役,専門学校,0,386986.63741765835,82.27318022298198,2.003516399562801,4.211342569258183,7,28.396411528167565,False
451,451,従業員451,34,女性,人事,主任,短大,7,635235.9638379477,50.264498469760404,1.4817893599862617,0.7947401322443561,9,0.9707014603582588,False
452,452,従業員452,44,男性,経理,課長,高校,1,593555.2183292005,,3.3381724530378327,9.945388335703132,8,15.018315753912226,False
453,453,従業員453,25,男性,マーケティング,主任,高校,10,521129.6499728214,106.13456313248757,4.877287249136716,32.43039048666513,6,68.56264730041238,False
454,454,従業員454,40,男性,経理,取締役,大学,14,254013.65299411994,69.415912735716,2.5113568549087466,8.348055074936674,9,32.29222775653644,False
455,455,従業員455,29,男性,マーケティング,一般,高校,0,453877.457378812,87.37123509858446,1.248147054515126,11.746338152728043,8,23.9558655928934,False
456,456,従業員456,27,男性,人事,一般,大学,3,485191.26146126975,87.24010273161635,2.35722106923827,22.51474371170201,5,13.44829488409568,False
457,457,従業員457,33,男性,営業,課長,大学,19,295209.27466059185,87.97797912001913,3.0237266172782338,14.22190862436618,9,14.15529802271406,False
458,458,従業員458,24,女性,サポート,部長,大学,3,269422.4341228467,77.49992530585985,1.6476920265288548,39.529857430761325,6,19.322026665257333,True
459,459,従業員459,29,男性,人事,課長,高校,9,655752.1220810545,83.49128974116321,3.632408872225968,40.20363492323845,8,72.21098595986562,True
460,460,従業員460,23,女性,人事,部長,大学,4,354879.5031674607,85.48520430019508,4.990997556040803,0.199202666945551,6,136.70917965077973,False
461,461,従業員461,54,女性,開発,主任,高校,2,642246.5228366723,84.53169042471536,2.8069579039257753,30.10573013258938,7,23.096810742694455,False
462,462,従業員462,35,男性,開発,主任,大学,1,,58.23872739729906,2.4189142269208506,12.350911640267434,8,19.992317595132413,True
463,463,従業員463,28,女性,開発,取締役,大学院,1,461181.5173562982,49.3892327618402,2.6028166673378665,89.90935654235571,5,74.97542215108358,False
464,464,従業員464,37,女性,サポート,部長,大学,7,467879.7154539227,51.69624684877789,1.4605847135808046,13.203227895247506,8,22.26817365701983,False
465,465,従業員465,33,女性,開発,取締役,専門学校,2,189937.06595038486,70.94760011426004,4.533094405704896,86.69667168640787,5,32.12010442199179,False
466,466,従業員466,32,女性,マーケティング,一般,大学,3,431016.21697516245,83.90890101633967,2.659302622085408,28.094818040727695,9,10.503538142974351,False
467,467,従業員467,41,女性,経理,部長,短大,3,,58.43383083732623,2.5490976456993653,5.716472930930626,11,54.42546001993786,False
468,468,従業員468,42,女性,営業,課長,大学,4,502200.92547784135,88.85955687876606,3.6387610917218973,15.460913741720839,8,30.37048089664568,False
469,469,従業員469,29,男性,人事,一般,専門学校,10,423150.50305966154,67.4658723823817,2.768133683724494,96.90828105307722,6,66.22651034436012,False
470,470,従業員470,29,女性,マーケティング,一般,専門学校,19,656790.5793725546,67.60867183208882,3.592933875231384,38.97256187171888,11,60.69855529734394,False
471,471,従業員471,32,女性,営業,課長,高校,2,372243.8916008794,62.458395061805994,1.24578516052315,2.0487822709239416,7,9.683105417900503,True
472,472,従業員472,11,女性,マーケティング,一般,大学院,8,307066.64874674735,46.728204614755896,4.25489337488891,24.508832161549783,10,50.2999436331055,False
473,473,従業員473,19,男性,マーケティング,部長,大学,7,423074.78741173854,78.4397119265197,4.76201581151761,8.480105979899431,8,64.38839956801937,False
474,474,従業員474,48,女性,人事,取締役,高校,4,514970.1052167394,100.69001569257853,3.595061544637544,0.14013503869448923,9,16.992476708083334,True
475,475,従業員475,51,男性,経理,一般,大学院,15,142330.88562876085,74.06003214701155,4.8182637154352435,10.332882671115646,7,7.579121556687561,False
476,476,従業員476,32,女性,開発,部長,大学,1,442730.29652356263,47.24052537457722,1.6057292574798532,5.351169586353369,7,0.1054250316739616,False
477,477,従業員477,40,男性,サポート,主任,短大,0,,86.70514217424669,2.9096647579214148,34.17072492208756,12,23.979254303740156,True
478,478,従業員478,38,男性,経理,部長,大学,9,359553.7562054709,50.62803014845517,3.407226935781789,8.229581380848579,3,17.381304051571345,True
479,479,従業員479,65,女性,サポート,取締役,専門学校,2,566044.7149453962,56.864484045162214,3.3269465896847468,35.149908163979376,6,32.37913586894492,False
480,480,従業員480,46,女性,人事,部長,専門学校,9,,71.42492741529644,2.605847116356173,0.011962353430257713,9,8.332221869498152,False
481,481,従業員481,33,男性,人事,課長,短大,11,721207.4677766615,76.84265157810297,2.3523376374650455,7.358160272318849,8,78.54907040506232,False
482,482,従業員482,25,女性,人事,取締役,高校,0,287409.5653628177,59.87003998249757,1.5072960902016752,5.519423978812442,8,11.923047685753511,True
483,483,従業員483,18,男性,営業,主任,大学院,10,524606.4775744134,70.8402591515103,2.5669698022491128,5.320169318002256,7,10.269544192798964,False
484,484,従業員484,37,男性,サポート,課長,大学,2,247401.41383038927,85.72743601141028,1.6506432604219405,1.4124544029252566,9,26.212023865471032,False
485,485,従業員485,27,男性,経理,部長,専門学校,3,157695.0323084911,87.78268327212028,3.9374627059688736,4.143540705023371,11,27.634074572139184,False
486,486,従業員486,20,男性,経理,取締役,高校,4,94670.37357731909,93.77184632721396,1.83532374197836,16.218334970993258,8,9.687205551792704,False
487,487,従業員487,28,男性,マーケティング,主任,短大,13,480748.603359539,103.6412797844024,1.2342612211381354,6.888183054948225,7,12.690517585613819,False
488,488,従業員488,24,女性,マーケティング,課長,専門学校,0,427637.1870916154,87.14833982491675,3.2094645512689373,10.804909573190713,8,7.4389803075435355,False
489,489,従業員489,51,男性,マーケティング,主任,短大,3,328142.3413957369,71.74895228393639,3.3809189308776064,9.459902156296486,15,50.69925515869418,True
490,490,従業員490,43,男性,人事,部長,大学,5,133974.34990755806,87.88970686684459,,41.734145465910686,14,58.802525496303986,False
491,491,従業員491,34,女性,経理,主任,大学院,6,296442.00607919856,82.00074351007773,3.3079264496707275,47.14061417470509,10,24.82029981517609,False
492,492,従業員492,49,男性,サポート,一般,専門学校,5,400613.95115131844,82.59550466289382,2.381923414893783,13.583188209264163,6,50.082711583431625,False
493,493,従業員493,35,女性,人事,課長,専門学校,0,518975.40501896467,77.65828177607528,4.212047526105282,8.014207107108142,13,53.26245913068148,False
494,494,従業員494,26,女性,営業,主任,大学,1,397519.63746285613,61.319188467691404,3.1611155727496842,2.25891094392862,4,5.952787883629068,True
495,495,従業員495,50,女性,マーケティング,部長,高校,2,437809.05140579166,59.578553882671045,1.317121138524767,61.32433058149837,4,135.46578139706372,False
496,496,従業員496,40,男性,人事,部長,大学院,8,343580.1428538796,73.54322698387286,3.2634022412529866,1.2423372722435766,7,68.82191857876269,False
497,497,従業員497,24,男性,人事,主任,専門学校,1,662383.6303790731,77.23365113769557,4.632074181686649,7.066476378093409,10,9.150545638756142,False
498,498,従業員498,33,男性,営業,部長,大学院,1,,64.80838615602431,2.585250501992882,7.078323661283407,13,8.239907206090578,True
499,499,従業員499,26,女性,開発,取締役,専門学校,15,295114.26740723086,81.35012922912863,2.1853032075992003,7.7250556336410545,6,5.371490927134288,False
500,500,従業員500,21,男性,経理,取締役,大学院,0,326146.28890097304,106.21148856058784,1.5738778280720802,3.589396774734222,10,5.957570898514138,False
